{"accuracy": 0.9722222222222222, "recall": 0.9722222222222222, "precision": 0.9725274725274725, "f1": 0.97221269296741}